,Volatility (Actual),Volatility (Future),Future Days,MI,VA,VF,FD,VA Kind,VF Kind
0,Volatility (2 days),Volatility (2 days),Next 1 days,0.08777383725949672,2,2,1,Short,Short
1,Volatility (3 days),Volatility (2 days),Next 1 days,0.1529652732454876,3,2,1,Short,Short
2,Volatility (5 days),Volatility (2 days),Next 1 days,0.1875896547715401,5,2,1,Short,Short
3,Volatility (10 days),Volatility (2 days),Next 1 days,0.18116596348611136,10,2,1,Short,Short
4,Volatility (21 days),Volatility (2 days),Next 1 days,0.13997057532324675,21,2,1,Long,Short
5,Volatility (63 days),Volatility (2 days),Next 1 days,0.09557368006520583,63,2,1,Long,Short
6,Volatility (126 days),Volatility (2 days),Next 1 days,0.07593681570680388,126,2,1,Long,Short
7,Volatility (252 days),Volatility (2 days),Next 1 days,0.06673327623986136,252,2,1,Long,Short
8,Volatility (2 days),Volatility (2 days),Next 3 days,0.05366700917383582,2,2,3,Short,Short
9,Volatility (3 days),Volatility (2 days),Next 3 days,0.06342677548805487,3,2,3,Short,Short
10,Volatility (5 days),Volatility (2 days),Next 3 days,0.10162987496799225,5,2,3,Short,Short
11,Volatility (10 days),Volatility (2 days),Next 3 days,0.12403898271074976,10,2,3,Short,Short
12,Volatility (21 days),Volatility (2 days),Next 3 days,0.1073384057708191,21,2,3,Long,Short
13,Volatility (63 days),Volatility (2 days),Next 3 days,0.09407375397111561,63,2,3,Long,Short
14,Volatility (126 days),Volatility (2 days),Next 3 days,0.10355545288771939,126,2,3,Long,Short
15,Volatility (252 days),Volatility (2 days),Next 3 days,0.059556589607814736,252,2,3,Long,Short
16,Volatility (2 days),Volatility (2 days),Next 5 days,0.055704677219197585,2,2,5,Short,Short
17,Volatility (3 days),Volatility (2 days),Next 5 days,0.09025626347269444,3,2,5,Short,Short
18,Volatility (5 days),Volatility (2 days),Next 5 days,0.09489949341670112,5,2,5,Short,Short
19,Volatility (10 days),Volatility (2 days),Next 5 days,0.11353455763764053,10,2,5,Short,Short
20,Volatility (21 days),Volatility (2 days),Next 5 days,0.08973390624587907,21,2,5,Long,Short
21,Volatility (63 days),Volatility (2 days),Next 5 days,0.09627512977893282,63,2,5,Long,Short
22,Volatility (126 days),Volatility (2 days),Next 5 days,0.08711300500974772,126,2,5,Long,Short
23,Volatility (252 days),Volatility (2 days),Next 5 days,0.06281177220819867,252,2,5,Long,Short
24,Volatility (2 days),Volatility (2 days),Next 10 days,0.020608036508189542,2,2,10,Short,Short
25,Volatility (3 days),Volatility (2 days),Next 10 days,0.056800050053133155,3,2,10,Short,Short
26,Volatility (5 days),Volatility (2 days),Next 10 days,0.06754456713499568,5,2,10,Short,Short
27,Volatility (10 days),Volatility (2 days),Next 10 days,0.08050190304644733,10,2,10,Short,Short
28,Volatility (21 days),Volatility (2 days),Next 10 days,0.08098979872161394,21,2,10,Long,Short
29,Volatility (63 days),Volatility (2 days),Next 10 days,0.09106182505827132,63,2,10,Long,Short
30,Volatility (126 days),Volatility (2 days),Next 10 days,0.08478458030365044,126,2,10,Long,Short
31,Volatility (252 days),Volatility (2 days),Next 10 days,0.0633834121124579,252,2,10,Long,Short
32,Volatility (2 days),Volatility (2 days),Next 21 days,0.027569634357335282,2,2,21,Short,Short
33,Volatility (3 days),Volatility (2 days),Next 21 days,0.024982796893670667,3,2,21,Short,Short
34,Volatility (5 days),Volatility (2 days),Next 21 days,0.0504450193917334,5,2,21,Short,Short
35,Volatility (10 days),Volatility (2 days),Next 21 days,0.07082158979314457,10,2,21,Short,Short
36,Volatility (21 days),Volatility (2 days),Next 21 days,0.06839914357054866,21,2,21,Long,Short
37,Volatility (63 days),Volatility (2 days),Next 21 days,0.05844021439088287,63,2,21,Long,Short
38,Volatility (126 days),Volatility (2 days),Next 21 days,0.08179030767600892,126,2,21,Long,Short
39,Volatility (252 days),Volatility (2 days),Next 21 days,0.051863803998156044,252,2,21,Long,Short
40,Volatility (2 days),Volatility (2 days),Next 63 days,0.021924872435218568,2,2,63,Short,Short
41,Volatility (3 days),Volatility (2 days),Next 63 days,0.023730155204571446,3,2,63,Short,Short
42,Volatility (5 days),Volatility (2 days),Next 63 days,0.010536782176441939,5,2,63,Short,Short
43,Volatility (10 days),Volatility (2 days),Next 63 days,0.02415202977132136,10,2,63,Short,Short
44,Volatility (21 days),Volatility (2 days),Next 63 days,0.03216901214793122,21,2,63,Long,Short
45,Volatility (63 days),Volatility (2 days),Next 63 days,0.042727571929003005,63,2,63,Long,Short
46,Volatility (126 days),Volatility (2 days),Next 63 days,0.047020083883510644,126,2,63,Long,Short
47,Volatility (252 days),Volatility (2 days),Next 63 days,0.039667830729914755,252,2,63,Long,Short
48,Volatility (2 days),Volatility (2 days),Next 126 days,0.0,2,2,126,Short,Short
49,Volatility (3 days),Volatility (2 days),Next 126 days,0.0,3,2,126,Short,Short
50,Volatility (5 days),Volatility (2 days),Next 126 days,0.010631643629078091,5,2,126,Short,Short
51,Volatility (10 days),Volatility (2 days),Next 126 days,0.0021579837054481743,10,2,126,Short,Short
52,Volatility (21 days),Volatility (2 days),Next 126 days,0.023739752859360586,21,2,126,Long,Short
53,Volatility (63 days),Volatility (2 days),Next 126 days,0.022840284004583822,63,2,126,Long,Short
54,Volatility (126 days),Volatility (2 days),Next 126 days,0.043697105123649216,126,2,126,Long,Short
55,Volatility (252 days),Volatility (2 days),Next 126 days,0.04627610387297576,252,2,126,Long,Short
56,Volatility (2 days),Volatility (3 days),Next 1 days,1.9383678828139437,2,3,1,Short,Short
57,Volatility (3 days),Volatility (3 days),Next 1 days,0.8531307885265225,3,3,1,Short,Short
58,Volatility (5 days),Volatility (3 days),Next 1 days,0.41139650630112623,5,3,1,Short,Short
59,Volatility (10 days),Volatility (3 days),Next 1 days,0.39869343576286553,10,3,1,Short,Short
60,Volatility (21 days),Volatility (3 days),Next 1 days,0.35490906076143336,21,3,1,Long,Short
61,Volatility (63 days),Volatility (3 days),Next 1 days,0.31320540194939284,63,3,1,Long,Short
62,Volatility (126 days),Volatility (3 days),Next 1 days,0.3006121140799962,126,3,1,Long,Short
63,Volatility (252 days),Volatility (3 days),Next 1 days,0.25260358650090886,252,3,1,Long,Short
64,Volatility (2 days),Volatility (3 days),Next 3 days,0.0795976684059232,2,3,3,Short,Short
65,Volatility (3 days),Volatility (3 days),Next 3 days,0.1804983997267673,3,3,3,Short,Short
66,Volatility (5 days),Volatility (3 days),Next 3 days,0.2060852600673,5,3,3,Short,Short
67,Volatility (10 days),Volatility (3 days),Next 3 days,0.30561106911534885,10,3,3,Short,Short
68,Volatility (21 days),Volatility (3 days),Next 3 days,0.32818117934035307,21,3,3,Long,Short
69,Volatility (63 days),Volatility (3 days),Next 3 days,0.33273403924982503,63,3,3,Long,Short
70,Volatility (126 days),Volatility (3 days),Next 3 days,0.3196459255070696,126,3,3,Long,Short
71,Volatility (252 days),Volatility (3 days),Next 3 days,0.28320181576363,252,3,3,Long,Short
72,Volatility (2 days),Volatility (3 days),Next 5 days,0.07377388841331367,2,3,5,Short,Short
73,Volatility (3 days),Volatility (3 days),Next 5 days,0.148837663868167,3,3,5,Short,Short
74,Volatility (5 days),Volatility (3 days),Next 5 days,0.1779548697162845,5,3,5,Short,Short
75,Volatility (10 days),Volatility (3 days),Next 5 days,0.26632330571304763,10,3,5,Short,Short
76,Volatility (21 days),Volatility (3 days),Next 5 days,0.29573943149456206,21,3,5,Long,Short
77,Volatility (63 days),Volatility (3 days),Next 5 days,0.3123252202258415,63,3,5,Long,Short
78,Volatility (126 days),Volatility (3 days),Next 5 days,0.27797804877421406,126,3,5,Long,Short
79,Volatility (252 days),Volatility (3 days),Next 5 days,0.2856520339596704,252,3,5,Long,Short
80,Volatility (2 days),Volatility (3 days),Next 10 days,0.07138699615017163,2,3,10,Short,Short
81,Volatility (3 days),Volatility (3 days),Next 10 days,0.13409686322368675,3,3,10,Short,Short
82,Volatility (5 days),Volatility (3 days),Next 10 days,0.13941241142270044,5,3,10,Short,Short
83,Volatility (10 days),Volatility (3 days),Next 10 days,0.21638268126138094,10,3,10,Short,Short
84,Volatility (21 days),Volatility (3 days),Next 10 days,0.27008342371354477,21,3,10,Long,Short
85,Volatility (63 days),Volatility (3 days),Next 10 days,0.2657756030917575,63,3,10,Long,Short
86,Volatility (126 days),Volatility (3 days),Next 10 days,0.2970407029682063,126,3,10,Long,Short
87,Volatility (252 days),Volatility (3 days),Next 10 days,0.2578070812116584,252,3,10,Long,Short
88,Volatility (2 days),Volatility (3 days),Next 21 days,0.03062603781893536,2,3,21,Short,Short
89,Volatility (3 days),Volatility (3 days),Next 21 days,0.06893758434266939,3,3,21,Short,Short
90,Volatility (5 days),Volatility (3 days),Next 21 days,0.11084587437590354,5,3,21,Short,Short
91,Volatility (10 days),Volatility (3 days),Next 21 days,0.16168989302982073,10,3,21,Short,Short
92,Volatility (21 days),Volatility (3 days),Next 21 days,0.26432474862148236,21,3,21,Long,Short
93,Volatility (63 days),Volatility (3 days),Next 21 days,0.237820289781137,63,3,21,Long,Short
94,Volatility (126 days),Volatility (3 days),Next 21 days,0.3067197409324285,126,3,21,Long,Short
95,Volatility (252 days),Volatility (3 days),Next 21 days,0.22687250497675127,252,3,21,Long,Short
96,Volatility (2 days),Volatility (3 days),Next 63 days,0.022576224405074896,2,3,63,Short,Short
97,Volatility (3 days),Volatility (3 days),Next 63 days,0.0821383767082633,3,3,63,Short,Short
98,Volatility (5 days),Volatility (3 days),Next 63 days,0.05052084471340734,5,3,63,Short,Short
99,Volatility (10 days),Volatility (3 days),Next 63 days,0.12688034347953892,10,3,63,Short,Short
100,Volatility (21 days),Volatility (3 days),Next 63 days,0.20998789860793377,21,3,63,Long,Short
101,Volatility (63 days),Volatility (3 days),Next 63 days,0.21694243063759977,63,3,63,Long,Short
102,Volatility (126 days),Volatility (3 days),Next 63 days,0.22152071353511538,126,3,63,Long,Short
103,Volatility (252 days),Volatility (3 days),Next 63 days,0.20861530894140312,252,3,63,Long,Short
104,Volatility (2 days),Volatility (3 days),Next 126 days,0.018876766885952634,2,3,126,Short,Short
105,Volatility (3 days),Volatility (3 days),Next 126 days,0.049486387160659895,3,3,126,Short,Short
106,Volatility (5 days),Volatility (3 days),Next 126 days,0.04450264658520897,5,3,126,Short,Short
107,Volatility (10 days),Volatility (3 days),Next 126 days,0.13210600454831933,10,3,126,Short,Short
108,Volatility (21 days),Volatility (3 days),Next 126 days,0.14671204699931728,21,3,126,Long,Short
109,Volatility (63 days),Volatility (3 days),Next 126 days,0.22803128143812046,63,3,126,Long,Short
110,Volatility (126 days),Volatility (3 days),Next 126 days,0.18370323039563097,126,3,126,Long,Short
111,Volatility (252 days),Volatility (3 days),Next 126 days,0.21617587126507232,252,3,126,Long,Short
112,Volatility (2 days),Volatility (5 days),Next 1 days,0.42689884043651993,2,5,1,Short,Short
113,Volatility (3 days),Volatility (5 days),Next 1 days,0.938475585358348,3,5,1,Short,Short
114,Volatility (5 days),Volatility (5 days),Next 1 days,1.1166855035742955,5,5,1,Short,Short
115,Volatility (10 days),Volatility (5 days),Next 1 days,0.6562314386342463,10,5,1,Short,Short
116,Volatility (21 days),Volatility (5 days),Next 1 days,0.5575546756729706,21,5,1,Long,Short
117,Volatility (63 days),Volatility (5 days),Next 1 days,0.42814620962862815,63,5,1,Long,Short
118,Volatility (126 days),Volatility (5 days),Next 1 days,0.3709552816539734,126,5,1,Long,Short
119,Volatility (252 days),Volatility (5 days),Next 1 days,0.3305764935782207,252,5,1,Long,Short
120,Volatility (2 days),Volatility (5 days),Next 3 days,0.42910850933163136,2,5,3,Short,Short
121,Volatility (3 days),Volatility (5 days),Next 3 days,0.39683446640894626,3,5,3,Short,Short
122,Volatility (5 days),Volatility (5 days),Next 3 days,0.44205855267782646,5,5,3,Short,Short
123,Volatility (10 days),Volatility (5 days),Next 3 days,0.4693597975691919,10,5,3,Short,Short
124,Volatility (21 days),Volatility (5 days),Next 3 days,0.4227562179639257,21,5,3,Long,Short
125,Volatility (63 days),Volatility (5 days),Next 3 days,0.41610327842212413,63,5,3,Long,Short
126,Volatility (126 days),Volatility (5 days),Next 3 days,0.38579766176427377,126,5,3,Long,Short
127,Volatility (252 days),Volatility (5 days),Next 3 days,0.34309443350867763,252,5,3,Long,Short
128,Volatility (2 days),Volatility (5 days),Next 5 days,0.11044237056645834,2,5,5,Short,Short
129,Volatility (3 days),Volatility (5 days),Next 5 days,0.19672527710341026,3,5,5,Short,Short
130,Volatility (5 days),Volatility (5 days),Next 5 days,0.2880316955440625,5,5,5,Short,Short
131,Volatility (10 days),Volatility (5 days),Next 5 days,0.3751603280699065,10,5,5,Short,Short
132,Volatility (21 days),Volatility (5 days),Next 5 days,0.41895555222218395,21,5,5,Long,Short
133,Volatility (63 days),Volatility (5 days),Next 5 days,0.43081455930180645,63,5,5,Long,Short
134,Volatility (126 days),Volatility (5 days),Next 5 days,0.39540584234465737,126,5,5,Long,Short
135,Volatility (252 days),Volatility (5 days),Next 5 days,0.345975338804104,252,5,5,Long,Short
136,Volatility (2 days),Volatility (5 days),Next 10 days,0.10700642993668197,2,5,10,Short,Short
137,Volatility (3 days),Volatility (5 days),Next 10 days,0.1680753595303912,3,5,10,Short,Short
138,Volatility (5 days),Volatility (5 days),Next 10 days,0.21297415083160498,5,5,10,Short,Short
139,Volatility (10 days),Volatility (5 days),Next 10 days,0.2921236415438342,10,5,10,Short,Short
140,Volatility (21 days),Volatility (5 days),Next 10 days,0.3776989439224847,21,5,10,Long,Short
141,Volatility (63 days),Volatility (5 days),Next 10 days,0.36057026892737465,63,5,10,Long,Short
142,Volatility (126 days),Volatility (5 days),Next 10 days,0.3647346725307692,126,5,10,Long,Short
143,Volatility (252 days),Volatility (5 days),Next 10 days,0.3135688329924946,252,5,10,Long,Short
144,Volatility (2 days),Volatility (5 days),Next 21 days,0.05010919630241695,2,5,21,Short,Short
145,Volatility (3 days),Volatility (5 days),Next 21 days,0.10797248719424513,3,5,21,Short,Short
146,Volatility (5 days),Volatility (5 days),Next 21 days,0.1423662023844754,5,5,21,Short,Short
147,Volatility (10 days),Volatility (5 days),Next 21 days,0.21960200755265458,10,5,21,Short,Short
148,Volatility (21 days),Volatility (5 days),Next 21 days,0.31291101487957906,21,5,21,Long,Short
149,Volatility (63 days),Volatility (5 days),Next 21 days,0.3210990271676364,63,5,21,Long,Short
150,Volatility (126 days),Volatility (5 days),Next 21 days,0.36936944073462463,126,5,21,Long,Short
151,Volatility (252 days),Volatility (5 days),Next 21 days,0.32761547891593157,252,5,21,Long,Short
152,Volatility (2 days),Volatility (5 days),Next 63 days,0.02658966863239698,2,5,63,Short,Short
153,Volatility (3 days),Volatility (5 days),Next 63 days,0.07741060897577068,3,5,63,Short,Short
154,Volatility (5 days),Volatility (5 days),Next 63 days,0.092983898013963,5,5,63,Short,Short
155,Volatility (10 days),Volatility (5 days),Next 63 days,0.15691618854755873,10,5,63,Short,Short
156,Volatility (21 days),Volatility (5 days),Next 63 days,0.25687835672683157,21,5,63,Long,Short
157,Volatility (63 days),Volatility (5 days),Next 63 days,0.30328878655544056,63,5,63,Long,Short
158,Volatility (126 days),Volatility (5 days),Next 63 days,0.29644613735583913,126,5,63,Long,Short
159,Volatility (252 days),Volatility (5 days),Next 63 days,0.3026404438768866,252,5,63,Long,Short
160,Volatility (2 days),Volatility (5 days),Next 126 days,0.004358812949218915,2,5,126,Short,Short
161,Volatility (3 days),Volatility (5 days),Next 126 days,0.033480427336977314,3,5,126,Short,Short
162,Volatility (5 days),Volatility (5 days),Next 126 days,0.0693094384841828,5,5,126,Short,Short
163,Volatility (10 days),Volatility (5 days),Next 126 days,0.17128475323338854,10,5,126,Short,Short
164,Volatility (21 days),Volatility (5 days),Next 126 days,0.20714547480747214,21,5,126,Long,Short
165,Volatility (63 days),Volatility (5 days),Next 126 days,0.27145635727870676,63,5,126,Long,Short
166,Volatility (126 days),Volatility (5 days),Next 126 days,0.2940730647313359,126,5,126,Long,Short
167,Volatility (252 days),Volatility (5 days),Next 126 days,0.28266615769345727,252,5,126,Long,Short
168,Volatility (2 days),Volatility (10 days),Next 1 days,0.24722262720590393,2,10,1,Short,Short
169,Volatility (3 days),Volatility (10 days),Next 1 days,0.5199919507070616,3,10,1,Short,Short
170,Volatility (5 days),Volatility (10 days),Next 1 days,0.879703293330623,5,10,1,Short,Short
171,Volatility (10 days),Volatility (10 days),Next 1 days,2.7265352726894982,10,10,1,Short,Short
172,Volatility (21 days),Volatility (10 days),Next 1 days,1.3342570702413896,21,10,1,Long,Short
173,Volatility (63 days),Volatility (10 days),Next 1 days,1.2179113009475513,63,10,1,Long,Short
174,Volatility (126 days),Volatility (10 days),Next 1 days,1.1846142687940953,126,10,1,Long,Short
175,Volatility (252 days),Volatility (10 days),Next 1 days,1.171820232188142,252,10,1,Long,Short
176,Volatility (2 days),Volatility (10 days),Next 3 days,0.25667318477978984,2,10,3,Short,Short
177,Volatility (3 days),Volatility (10 days),Next 3 days,0.549133164257813,3,10,3,Short,Short
178,Volatility (5 days),Volatility (10 days),Next 3 days,0.8994726084565352,5,10,3,Short,Short
179,Volatility (10 days),Volatility (10 days),Next 3 days,1.131351946449488,10,10,3,Short,Short
180,Volatility (21 days),Volatility (10 days),Next 3 days,1.0944372925713228,21,10,3,Long,Short
181,Volatility (63 days),Volatility (10 days),Next 3 days,1.0412346406606012,63,10,3,Long,Short
182,Volatility (126 days),Volatility (10 days),Next 3 days,1.047449394754743,126,10,3,Long,Short
183,Volatility (252 days),Volatility (10 days),Next 3 days,1.0689366357167325,252,10,3,Long,Short
184,Volatility (2 days),Volatility (10 days),Next 5 days,0.26189278528355775,2,10,5,Short,Short
185,Volatility (3 days),Volatility (10 days),Next 5 days,0.5133737472891653,3,10,5,Short,Short
186,Volatility (5 days),Volatility (10 days),Next 5 days,0.9020574782542754,5,10,5,Short,Short
187,Volatility (10 days),Volatility (10 days),Next 5 days,0.851004306959501,10,10,5,Short,Short
188,Volatility (21 days),Volatility (10 days),Next 5 days,0.9763279729156391,21,10,5,Long,Short
189,Volatility (63 days),Volatility (10 days),Next 5 days,1.0498198861928056,63,10,5,Long,Short
190,Volatility (126 days),Volatility (10 days),Next 5 days,1.0747973605477936,126,10,5,Long,Short
191,Volatility (252 days),Volatility (10 days),Next 5 days,1.102621057946827,252,10,5,Long,Short
192,Volatility (2 days),Volatility (10 days),Next 10 days,0.12962433167630483,2,10,10,Short,Short
193,Volatility (3 days),Volatility (10 days),Next 10 days,0.29134957297669306,3,10,10,Short,Short
194,Volatility (5 days),Volatility (10 days),Next 10 days,0.3643724868385725,5,10,10,Short,Short
195,Volatility (10 days),Volatility (10 days),Next 10 days,0.6729289875267819,10,10,10,Short,Short
196,Volatility (21 days),Volatility (10 days),Next 10 days,1.1758648956347857,21,10,10,Long,Short
197,Volatility (63 days),Volatility (10 days),Next 10 days,1.2364167076658275,63,10,10,Long,Short
198,Volatility (126 days),Volatility (10 days),Next 10 days,1.2290149469425655,126,10,10,Long,Short
199,Volatility (252 days),Volatility (10 days),Next 10 days,1.2634545032391244,252,10,10,Long,Short
200,Volatility (2 days),Volatility (10 days),Next 21 days,0.07727256508849223,2,10,21,Short,Short
201,Volatility (3 days),Volatility (10 days),Next 21 days,0.20581558540695521,3,10,21,Short,Short
202,Volatility (5 days),Volatility (10 days),Next 21 days,0.2767228754931521,5,10,21,Short,Short
203,Volatility (10 days),Volatility (10 days),Next 21 days,0.46612722597273404,10,10,21,Short,Short
204,Volatility (21 days),Volatility (10 days),Next 21 days,0.9475198066212265,21,10,21,Long,Short
205,Volatility (63 days),Volatility (10 days),Next 21 days,1.0009087256781024,63,10,21,Long,Short
206,Volatility (126 days),Volatility (10 days),Next 21 days,1.1026797617925261,126,10,21,Long,Short
207,Volatility (252 days),Volatility (10 days),Next 21 days,1.0954974168964524,252,10,21,Long,Short
208,Volatility (2 days),Volatility (10 days),Next 63 days,0.07357515341272869,2,10,63,Short,Short
209,Volatility (3 days),Volatility (10 days),Next 63 days,0.1799382601115047,3,10,63,Short,Short
210,Volatility (5 days),Volatility (10 days),Next 63 days,0.18559964028598852,5,10,63,Short,Short
211,Volatility (10 days),Volatility (10 days),Next 63 days,0.44339476221051033,10,10,63,Short,Short
212,Volatility (21 days),Volatility (10 days),Next 63 days,0.8189189137493553,21,10,63,Long,Short
213,Volatility (63 days),Volatility (10 days),Next 63 days,1.0528579414553825,63,10,63,Long,Short
214,Volatility (126 days),Volatility (10 days),Next 63 days,1.0321208804823883,126,10,63,Long,Short
215,Volatility (252 days),Volatility (10 days),Next 63 days,1.1456450345327154,252,10,63,Long,Short
216,Volatility (2 days),Volatility (10 days),Next 126 days,0.023109366964262357,2,10,126,Short,Short
217,Volatility (3 days),Volatility (10 days),Next 126 days,0.10479637865992153,3,10,126,Short,Short
218,Volatility (5 days),Volatility (10 days),Next 126 days,0.1549066483544026,5,10,126,Short,Short
219,Volatility (10 days),Volatility (10 days),Next 126 days,0.34544857365212955,10,10,126,Short,Short
220,Volatility (21 days),Volatility (10 days),Next 126 days,0.7422930274949984,21,10,126,Long,Short
221,Volatility (63 days),Volatility (10 days),Next 126 days,0.9827596346410763,63,10,126,Long,Short
222,Volatility (126 days),Volatility (10 days),Next 126 days,0.9524424346967981,126,10,126,Long,Short
223,Volatility (252 days),Volatility (10 days),Next 126 days,1.0107390904676619,252,10,126,Long,Short
224,Volatility (2 days),Volatility (21 days),Next 1 days,0.1763361286640892,2,21,1,Short,Long
225,Volatility (3 days),Volatility (21 days),Next 1 days,0.4415582064524237,3,21,1,Short,Long
226,Volatility (5 days),Volatility (21 days),Next 1 days,0.623911696869845,5,21,1,Short,Long
227,Volatility (10 days),Volatility (21 days),Next 1 days,1.501473971763608,10,21,1,Short,Long
228,Volatility (21 days),Volatility (21 days),Next 1 days,4.313309962572122,21,21,1,Long,Long
229,Volatility (63 days),Volatility (21 days),Next 1 days,2.813127544520376,63,21,1,Long,Long
230,Volatility (126 days),Volatility (21 days),Next 1 days,2.7962395462865755,126,21,1,Long,Long
231,Volatility (252 days),Volatility (21 days),Next 1 days,2.8516035855007007,252,21,1,Long,Long
232,Volatility (2 days),Volatility (21 days),Next 3 days,0.19357998826646483,2,21,3,Short,Long
233,Volatility (3 days),Volatility (21 days),Next 3 days,0.45627768846266736,3,21,3,Short,Long
234,Volatility (5 days),Volatility (21 days),Next 3 days,0.6456340362870652,5,21,3,Short,Long
235,Volatility (10 days),Volatility (21 days),Next 3 days,1.4202696990085828,10,21,3,Short,Long
236,Volatility (21 days),Volatility (21 days),Next 3 days,2.6466353624236754,21,21,3,Long,Long
237,Volatility (63 days),Volatility (21 days),Next 3 days,2.4250433198853796,63,21,3,Long,Long
238,Volatility (126 days),Volatility (21 days),Next 3 days,2.5026664813980974,126,21,3,Long,Long
239,Volatility (252 days),Volatility (21 days),Next 3 days,2.6466589749474454,252,21,3,Long,Long
240,Volatility (2 days),Volatility (21 days),Next 5 days,0.20459014221241745,2,21,5,Short,Long
241,Volatility (3 days),Volatility (21 days),Next 5 days,0.4653076229654438,3,21,5,Short,Long
242,Volatility (5 days),Volatility (21 days),Next 5 days,0.643990864369461,5,21,5,Short,Long
243,Volatility (10 days),Volatility (21 days),Next 5 days,1.472900640418434,10,21,5,Short,Long
244,Volatility (21 days),Volatility (21 days),Next 5 days,2.612814208987367,21,21,5,Long,Long
245,Volatility (63 days),Volatility (21 days),Next 5 days,2.589381482338246,63,21,5,Long,Long
246,Volatility (126 days),Volatility (21 days),Next 5 days,2.5804730134417992,126,21,5,Long,Long
247,Volatility (252 days),Volatility (21 days),Next 5 days,2.6683001107072384,252,21,5,Long,Long
248,Volatility (2 days),Volatility (21 days),Next 10 days,0.20863401535893988,2,21,10,Short,Long
249,Volatility (3 days),Volatility (21 days),Next 10 days,0.46090270100270647,3,21,10,Short,Long
250,Volatility (5 days),Volatility (21 days),Next 10 days,0.659253160574778,5,21,10,Short,Long
251,Volatility (10 days),Volatility (21 days),Next 10 days,1.5275145628213478,10,21,10,Short,Long
252,Volatility (21 days),Volatility (21 days),Next 10 days,2.3553884354783703,21,21,10,Long,Long
253,Volatility (63 days),Volatility (21 days),Next 10 days,2.5569116287409344,63,21,10,Long,Long
254,Volatility (126 days),Volatility (21 days),Next 10 days,2.5977059383077274,126,21,10,Long,Long
255,Volatility (252 days),Volatility (21 days),Next 10 days,2.72410930065238,252,21,10,Long,Long
256,Volatility (2 days),Volatility (21 days),Next 21 days,0.10222415254632189,2,21,21,Short,Long
257,Volatility (3 days),Volatility (21 days),Next 21 days,0.31753006828027175,3,21,21,Short,Long
258,Volatility (5 days),Volatility (21 days),Next 21 days,0.3882049277567843,5,21,21,Short,Long
259,Volatility (10 days),Volatility (21 days),Next 21 days,1.157495332735615,10,21,21,Short,Long
260,Volatility (21 days),Volatility (21 days),Next 21 days,2.498715310544565,21,21,21,Long,Long
261,Volatility (63 days),Volatility (21 days),Next 21 days,2.808981001464123,63,21,21,Long,Long
262,Volatility (126 days),Volatility (21 days),Next 21 days,2.901766907899167,126,21,21,Long,Long
263,Volatility (252 days),Volatility (21 days),Next 21 days,2.933038175400008,252,21,21,Long,Long
264,Volatility (2 days),Volatility (21 days),Next 63 days,0.0640041139428531,2,21,63,Short,Long
265,Volatility (3 days),Volatility (21 days),Next 63 days,0.23584147522115817,3,21,63,Short,Long
266,Volatility (5 days),Volatility (21 days),Next 63 days,0.277842904634352,5,21,63,Short,Long
267,Volatility (10 days),Volatility (21 days),Next 63 days,0.9127641692615356,10,21,63,Short,Long
268,Volatility (21 days),Volatility (21 days),Next 63 days,2.083239751070775,21,21,63,Long,Long
269,Volatility (63 days),Volatility (21 days),Next 63 days,2.4909404521203977,63,21,63,Long,Long
270,Volatility (126 days),Volatility (21 days),Next 63 days,2.5937059812207885,126,21,63,Long,Long
271,Volatility (252 days),Volatility (21 days),Next 63 days,2.678979099097832,252,21,63,Long,Long
272,Volatility (2 days),Volatility (21 days),Next 126 days,0.026378207446046353,2,21,126,Short,Long
273,Volatility (3 days),Volatility (21 days),Next 126 days,0.19628431604475338,3,21,126,Short,Long
274,Volatility (5 days),Volatility (21 days),Next 126 days,0.24911130748749777,5,21,126,Short,Long
275,Volatility (10 days),Volatility (21 days),Next 126 days,0.8183168524348963,10,21,126,Short,Long
276,Volatility (21 days),Volatility (21 days),Next 126 days,2.139340454130214,21,21,126,Long,Long
277,Volatility (63 days),Volatility (21 days),Next 126 days,2.532640288776625,63,21,126,Long,Long
278,Volatility (126 days),Volatility (21 days),Next 126 days,2.6090373637869213,126,21,126,Long,Long
279,Volatility (252 days),Volatility (21 days),Next 126 days,2.6402264062822423,252,21,126,Long,Long
280,Volatility (2 days),Volatility (63 days),Next 1 days,0.10774334231369664,2,63,1,Short,Long
281,Volatility (3 days),Volatility (63 days),Next 1 days,0.3460010529457751,3,63,1,Short,Long
282,Volatility (5 days),Volatility (63 days),Next 1 days,0.47907087819308547,5,63,1,Short,Long
283,Volatility (10 days),Volatility (63 days),Next 1 days,1.273093695773249,10,63,1,Short,Long
284,Volatility (21 days),Volatility (63 days),Next 1 days,2.8590242650038538,21,63,1,Long,Long
285,Volatility (63 days),Volatility (63 days),Next 1 days,4.759490995609747,63,63,1,Long,Long
286,Volatility (126 days),Volatility (63 days),Next 1 days,3.3797598345614706,126,63,1,Long,Long
287,Volatility (252 days),Volatility (63 days),Next 1 days,3.2920685560777856,252,63,1,Long,Long
288,Volatility (2 days),Volatility (63 days),Next 3 days,0.10913217521278007,2,63,3,Short,Long
289,Volatility (3 days),Volatility (63 days),Next 3 days,0.34635952102091405,3,63,3,Short,Long
290,Volatility (5 days),Volatility (63 days),Next 3 days,0.4694946654030616,5,63,3,Short,Long
291,Volatility (10 days),Volatility (63 days),Next 3 days,1.2043530728506306,10,63,3,Short,Long
292,Volatility (21 days),Volatility (63 days),Next 3 days,2.600995865481097,21,63,3,Long,Long
293,Volatility (63 days),Volatility (63 days),Next 3 days,3.3655358570078047,63,63,3,Long,Long
294,Volatility (126 days),Volatility (63 days),Next 3 days,3.0488108864406036,126,63,3,Long,Long
295,Volatility (252 days),Volatility (63 days),Next 3 days,3.1123142875704546,252,63,3,Long,Long
296,Volatility (2 days),Volatility (63 days),Next 5 days,0.13606941847137843,2,63,5,Short,Long
297,Volatility (3 days),Volatility (63 days),Next 5 days,0.3534660509060208,3,63,5,Short,Long
298,Volatility (5 days),Volatility (63 days),Next 5 days,0.4907919791570059,5,63,5,Short,Long
299,Volatility (10 days),Volatility (63 days),Next 5 days,1.2783448986357797,10,63,5,Short,Long
300,Volatility (21 days),Volatility (63 days),Next 5 days,2.6613757837344925,21,63,5,Long,Long
301,Volatility (63 days),Volatility (63 days),Next 5 days,3.478242661921294,63,63,5,Long,Long
302,Volatility (126 days),Volatility (63 days),Next 5 days,3.163464737425422,126,63,5,Long,Long
303,Volatility (252 days),Volatility (63 days),Next 5 days,3.1352457458815697,252,63,5,Long,Long
304,Volatility (2 days),Volatility (63 days),Next 10 days,0.15012187495070162,2,63,10,Short,Long
305,Volatility (3 days),Volatility (63 days),Next 10 days,0.3976889889324591,3,63,10,Short,Long
306,Volatility (5 days),Volatility (63 days),Next 10 days,0.5002121930844492,5,63,10,Short,Long
307,Volatility (10 days),Volatility (63 days),Next 10 days,1.292027017700904,10,63,10,Short,Long
308,Volatility (21 days),Volatility (63 days),Next 10 days,2.7621114083310037,21,63,10,Long,Long
309,Volatility (63 days),Volatility (63 days),Next 10 days,3.207356837825929,63,63,10,Long,Long
310,Volatility (126 days),Volatility (63 days),Next 10 days,3.145586639674992,126,63,10,Long,Long
311,Volatility (252 days),Volatility (63 days),Next 10 days,3.1821880556302715,252,63,10,Long,Long
312,Volatility (2 days),Volatility (63 days),Next 21 days,0.13743677121743314,2,63,21,Short,Long
313,Volatility (3 days),Volatility (63 days),Next 21 days,0.3933868440395152,3,63,21,Short,Long
314,Volatility (5 days),Volatility (63 days),Next 21 days,0.49930337557662074,5,63,21,Short,Long
315,Volatility (10 days),Volatility (63 days),Next 21 days,1.3240896148029426,10,63,21,Short,Long
316,Volatility (21 days),Volatility (63 days),Next 21 days,2.7390797554711397,21,63,21,Long,Long
317,Volatility (63 days),Volatility (63 days),Next 21 days,3.0637399834665717,63,63,21,Long,Long
318,Volatility (126 days),Volatility (63 days),Next 21 days,3.108550951266946,126,63,21,Long,Long
319,Volatility (252 days),Volatility (63 days),Next 21 days,3.1409284322656954,252,63,21,Long,Long
320,Volatility (2 days),Volatility (63 days),Next 63 days,0.11026751665639889,2,63,63,Short,Long
321,Volatility (3 days),Volatility (63 days),Next 63 days,0.3069750759942327,3,63,63,Short,Long
322,Volatility (5 days),Volatility (63 days),Next 63 days,0.4035081883688001,5,63,63,Short,Long
323,Volatility (10 days),Volatility (63 days),Next 63 days,1.3244169231553,10,63,63,Short,Long
324,Volatility (21 days),Volatility (63 days),Next 63 days,2.81521800668607,21,63,63,Long,Long
325,Volatility (63 days),Volatility (63 days),Next 63 days,3.301970830919833,63,63,63,Long,Long
326,Volatility (126 days),Volatility (63 days),Next 63 days,3.340591131087552,126,63,63,Long,Long
327,Volatility (252 days),Volatility (63 days),Next 63 days,3.3780308198699522,252,63,63,Long,Long
328,Volatility (2 days),Volatility (63 days),Next 126 days,0.04486789003295666,2,63,126,Short,Long
329,Volatility (3 days),Volatility (63 days),Next 126 days,0.22735047377345285,3,63,126,Short,Long
330,Volatility (5 days),Volatility (63 days),Next 126 days,0.27503955271899727,5,63,126,Short,Long
331,Volatility (10 days),Volatility (63 days),Next 126 days,1.0194404465403064,10,63,126,Short,Long
332,Volatility (21 days),Volatility (63 days),Next 126 days,2.4735640517265205,21,63,126,Long,Long
333,Volatility (63 days),Volatility (63 days),Next 126 days,2.8812895494832413,63,63,126,Long,Long
334,Volatility (126 days),Volatility (63 days),Next 126 days,2.978753683311658,126,63,126,Long,Long
335,Volatility (252 days),Volatility (63 days),Next 126 days,3.0430560711702013,252,63,126,Long,Long
336,Volatility (2 days),Volatility (126 days),Next 1 days,0.08675364859753998,2,126,1,Short,Long
337,Volatility (3 days),Volatility (126 days),Next 1 days,0.3167169517671864,3,126,1,Short,Long
338,Volatility (5 days),Volatility (126 days),Next 1 days,0.39091263451185654,5,126,1,Short,Long
339,Volatility (10 days),Volatility (126 days),Next 1 days,1.214786034197819,10,126,1,Short,Long
340,Volatility (21 days),Volatility (126 days),Next 1 days,2.820389997632263,21,126,1,Long,Long
341,Volatility (63 days),Volatility (126 days),Next 1 days,3.339564757651984,63,126,1,Long,Long
342,Volatility (126 days),Volatility (126 days),Next 1 days,4.865904565689352,126,126,1,Long,Long
343,Volatility (252 days),Volatility (126 days),Next 1 days,3.4260062890197744,252,126,1,Long,Long
344,Volatility (2 days),Volatility (126 days),Next 3 days,0.10421280561000579,2,126,3,Short,Long
345,Volatility (3 days),Volatility (126 days),Next 3 days,0.30321261647891085,3,126,3,Short,Long
346,Volatility (5 days),Volatility (126 days),Next 3 days,0.38671115889006646,5,126,3,Short,Long
347,Volatility (10 days),Volatility (126 days),Next 3 days,1.157387736087352,10,126,3,Short,Long
348,Volatility (21 days),Volatility (126 days),Next 3 days,2.650703881956144,21,126,3,Long,Long
349,Volatility (63 days),Volatility (126 days),Next 3 days,3.0789818206586874,63,126,3,Long,Long
350,Volatility (126 days),Volatility (126 days),Next 3 days,3.67104428214818,126,126,3,Long,Long
351,Volatility (252 days),Volatility (126 days),Next 3 days,3.227914363495404,252,126,3,Long,Long
352,Volatility (2 days),Volatility (126 days),Next 5 days,0.09382666787460359,2,126,5,Short,Long
353,Volatility (3 days),Volatility (126 days),Next 5 days,0.3161762644637012,3,126,5,Short,Long
354,Volatility (5 days),Volatility (126 days),Next 5 days,0.38286729919573226,5,126,5,Short,Long
355,Volatility (10 days),Volatility (126 days),Next 5 days,1.1489185346095736,10,126,5,Short,Long
356,Volatility (21 days),Volatility (126 days),Next 5 days,2.6870038171571804,21,126,5,Long,Long
357,Volatility (63 days),Volatility (126 days),Next 5 days,3.2421733679985163,63,126,5,Long,Long
358,Volatility (126 days),Volatility (126 days),Next 5 days,3.825736948022394,126,126,5,Long,Long
359,Volatility (252 days),Volatility (126 days),Next 5 days,3.3275172424614636,252,126,5,Long,Long
360,Volatility (2 days),Volatility (126 days),Next 10 days,0.08903543140123826,2,126,10,Short,Long
361,Volatility (3 days),Volatility (126 days),Next 10 days,0.3305164688175095,3,126,10,Short,Long
362,Volatility (5 days),Volatility (126 days),Next 10 days,0.40249516486338166,5,126,10,Short,Long
363,Volatility (10 days),Volatility (126 days),Next 10 days,1.221177504639818,10,126,10,Short,Long
364,Volatility (21 days),Volatility (126 days),Next 10 days,2.6878961457218784,21,126,10,Long,Long
365,Volatility (63 days),Volatility (126 days),Next 10 days,3.219006376529768,63,126,10,Long,Long
366,Volatility (126 days),Volatility (126 days),Next 10 days,3.565157598882203,126,126,10,Long,Long
367,Volatility (252 days),Volatility (126 days),Next 10 days,3.307074768219769,252,126,10,Long,Long
368,Volatility (2 days),Volatility (126 days),Next 21 days,0.10884571562286105,2,126,21,Short,Long
369,Volatility (3 days),Volatility (126 days),Next 21 days,0.35244922755532393,3,126,21,Short,Long
370,Volatility (5 days),Volatility (126 days),Next 21 days,0.4387828102630431,5,126,21,Short,Long
371,Volatility (10 days),Volatility (126 days),Next 21 days,1.2082151784133632,10,126,21,Short,Long
372,Volatility (21 days),Volatility (126 days),Next 21 days,2.6993966234474764,21,126,21,Long,Long
373,Volatility (63 days),Volatility (126 days),Next 21 days,3.1745419475227945,63,126,21,Long,Long
374,Volatility (126 days),Volatility (126 days),Next 21 days,3.3592158925252122,126,126,21,Long,Long
375,Volatility (252 days),Volatility (126 days),Next 21 days,3.282533279074187,252,126,21,Long,Long
376,Volatility (2 days),Volatility (126 days),Next 63 days,0.13512442633462296,2,126,63,Short,Long
377,Volatility (3 days),Volatility (126 days),Next 63 days,0.3932112298482684,3,126,63,Short,Long
378,Volatility (5 days),Volatility (126 days),Next 63 days,0.48772586272914875,5,126,63,Short,Long
379,Volatility (10 days),Volatility (126 days),Next 63 days,1.2658754534597163,10,126,63,Short,Long
380,Volatility (21 days),Volatility (126 days),Next 63 days,2.733936661897519,21,126,63,Long,Long
381,Volatility (63 days),Volatility (126 days),Next 63 days,3.653658867877901,63,126,63,Long,Long
382,Volatility (126 days),Volatility (126 days),Next 63 days,3.1764981967872647,126,126,63,Long,Long
383,Volatility (252 days),Volatility (126 days),Next 63 days,3.2716974775583765,252,126,63,Long,Long
384,Volatility (2 days),Volatility (126 days),Next 126 days,0.11225824112832594,2,126,126,Short,Long
385,Volatility (3 days),Volatility (126 days),Next 126 days,0.29792517390754014,3,126,126,Short,Long
386,Volatility (5 days),Volatility (126 days),Next 126 days,0.367399206844496,5,126,126,Short,Long
387,Volatility (10 days),Volatility (126 days),Next 126 days,1.3139422063044126,10,126,126,Short,Long
388,Volatility (21 days),Volatility (126 days),Next 126 days,2.9533115213661563,21,126,126,Long,Long
389,Volatility (63 days),Volatility (126 days),Next 126 days,3.361127529618979,63,126,126,Long,Long
390,Volatility (126 days),Volatility (126 days),Next 126 days,3.4793281403469245,126,126,126,Long,Long
391,Volatility (252 days),Volatility (126 days),Next 126 days,3.466383712400839,252,126,126,Long,Long
392,Volatility (2 days),Volatility (252 days),Next 1 days,0.0668270747166595,2,252,1,Short,Long
393,Volatility (3 days),Volatility (252 days),Next 1 days,0.28014499048943,3,252,1,Short,Long
394,Volatility (5 days),Volatility (252 days),Next 1 days,0.34447144193773394,5,252,1,Short,Long
395,Volatility (10 days),Volatility (252 days),Next 1 days,1.2255317639583403,10,252,1,Short,Long
396,Volatility (21 days),Volatility (252 days),Next 1 days,2.8290425029828303,21,252,1,Long,Long
397,Volatility (63 days),Volatility (252 days),Next 1 days,3.29508278242637,63,252,1,Long,Long
398,Volatility (126 days),Volatility (252 days),Next 1 days,3.394925589051944,126,252,1,Long,Long
399,Volatility (252 days),Volatility (252 days),Next 1 days,4.893117494315476,252,252,1,Long,Long
400,Volatility (2 days),Volatility (252 days),Next 3 days,0.0698486107582168,2,252,3,Short,Long
401,Volatility (3 days),Volatility (252 days),Next 3 days,0.28113164332962537,3,252,3,Short,Long
402,Volatility (5 days),Volatility (252 days),Next 3 days,0.35685946294584703,5,252,3,Short,Long
403,Volatility (10 days),Volatility (252 days),Next 3 days,1.1360491007488154,10,252,3,Short,Long
404,Volatility (21 days),Volatility (252 days),Next 3 days,2.666155875466206,21,252,3,Long,Long
405,Volatility (63 days),Volatility (252 days),Next 3 days,3.1002762791178995,63,252,3,Long,Long
406,Volatility (126 days),Volatility (252 days),Next 3 days,3.2368323802883836,126,252,3,Long,Long
407,Volatility (252 days),Volatility (252 days),Next 3 days,3.938986491054524,252,252,3,Long,Long
408,Volatility (2 days),Volatility (252 days),Next 5 days,0.07602546495444518,2,252,5,Short,Long
409,Volatility (3 days),Volatility (252 days),Next 5 days,0.2753131782261846,3,252,5,Short,Long
410,Volatility (5 days),Volatility (252 days),Next 5 days,0.37117910275938737,5,252,5,Short,Long
411,Volatility (10 days),Volatility (252 days),Next 5 days,1.1589391041709565,10,252,5,Short,Long
412,Volatility (21 days),Volatility (252 days),Next 5 days,2.7309931331268684,21,252,5,Long,Long
413,Volatility (63 days),Volatility (252 days),Next 5 days,3.1959572815670096,63,252,5,Long,Long
414,Volatility (126 days),Volatility (252 days),Next 5 days,3.3529443748447187,126,252,5,Long,Long
415,Volatility (252 days),Volatility (252 days),Next 5 days,3.9328827446482304,252,252,5,Long,Long
416,Volatility (2 days),Volatility (252 days),Next 10 days,0.07411792223796976,2,252,10,Short,Long
417,Volatility (3 days),Volatility (252 days),Next 10 days,0.27472374240299224,3,252,10,Short,Long
418,Volatility (5 days),Volatility (252 days),Next 10 days,0.3843233918020781,5,252,10,Short,Long
419,Volatility (10 days),Volatility (252 days),Next 10 days,1.1719827042388848,10,252,10,Short,Long
420,Volatility (21 days),Volatility (252 days),Next 10 days,2.774736616385317,21,252,10,Long,Long
421,Volatility (63 days),Volatility (252 days),Next 10 days,3.173422539333093,63,252,10,Long,Long
422,Volatility (126 days),Volatility (252 days),Next 10 days,3.3585452144268513,126,252,10,Long,Long
423,Volatility (252 days),Volatility (252 days),Next 10 days,3.7722657296176805,252,252,10,Long,Long
424,Volatility (2 days),Volatility (252 days),Next 21 days,0.08682369695504644,2,252,21,Short,Long
425,Volatility (3 days),Volatility (252 days),Next 21 days,0.2837687588429487,3,252,21,Short,Long
426,Volatility (5 days),Volatility (252 days),Next 21 days,0.41374638739700753,5,252,21,Short,Long
427,Volatility (10 days),Volatility (252 days),Next 21 days,1.141251019427691,10,252,21,Short,Long
428,Volatility (21 days),Volatility (252 days),Next 21 days,2.7839883236762817,21,252,21,Long,Long
429,Volatility (63 days),Volatility (252 days),Next 21 days,3.168222339870211,63,252,21,Long,Long
430,Volatility (126 days),Volatility (252 days),Next 21 days,3.3709601148340704,126,252,21,Long,Long
431,Volatility (252 days),Volatility (252 days),Next 21 days,3.5307263990238087,252,252,21,Long,Long
432,Volatility (2 days),Volatility (252 days),Next 63 days,0.11261555967744918,2,252,63,Short,Long
433,Volatility (3 days),Volatility (252 days),Next 63 days,0.32980216686594854,3,252,63,Short,Long
434,Volatility (5 days),Volatility (252 days),Next 63 days,0.43006507215224854,5,252,63,Short,Long
435,Volatility (10 days),Volatility (252 days),Next 63 days,1.2055776063302988,10,252,63,Short,Long
436,Volatility (21 days),Volatility (252 days),Next 63 days,2.6621125520858,21,252,63,Long,Long
437,Volatility (63 days),Volatility (252 days),Next 63 days,3.1258819710401657,63,252,63,Long,Long
438,Volatility (126 days),Volatility (252 days),Next 63 days,3.2997392868312834,126,252,63,Long,Long
439,Volatility (252 days),Volatility (252 days),Next 63 days,3.3461859541719776,252,252,63,Long,Long
440,Volatility (2 days),Volatility (252 days),Next 126 days,0.11961027999474538,2,252,126,Short,Long
441,Volatility (3 days),Volatility (252 days),Next 126 days,0.31520534274071377,3,252,126,Short,Long
442,Volatility (5 days),Volatility (252 days),Next 126 days,0.39796100183056726,5,252,126,Short,Long
443,Volatility (10 days),Volatility (252 days),Next 126 days,1.226304093582712,10,252,126,Short,Long
444,Volatility (21 days),Volatility (252 days),Next 126 days,2.755720156196537,21,252,126,Long,Long
445,Volatility (63 days),Volatility (252 days),Next 126 days,3.185422088600459,63,252,126,Long,Long
446,Volatility (126 days),Volatility (252 days),Next 126 days,3.6885244422010035,126,252,126,Long,Long
447,Volatility (252 days),Volatility (252 days),Next 126 days,3.2885533738052923,252,252,126,Long,Long
